,Brand Name,Device Type,Model Name,Selling Price,Original Price,Rating (Out of 5)
354,APPLE,Smartwatch,Series 3 GPS - 42 mm Space Grey Aluminium Case,"18,900","23,900",4.6
355,APPLE,Smartwatch,SE 44 mm Space Grey Aluminium Case,"30,400","32,900",4.7
356,APPLE,Smartwatch,Series 3 GPS - 38 mm Space Grey Aluminium Case,"16,900","20,900",4.6
357,APPLE,Smartwatch,SE GPS + Cellular 44 mm Aluminium Case,"36,900","36,900",4.6
358,APPLE,Smartwatch,SE GPS + Cellular 40 mm Space Grey Aluminium Case,"31,400","33,900",4.6
359,APPLE,Smartwatch,SE 40 mm Space Grey Aluminium Case,"27,400","29,900",4.7
360,APPLE,Smartwatch,Series 6 GPS + Cellular 40 mm Red Aluminium Case,"45,690","49,900",4.5
361,APPLE,Smartwatch,SE 44 mm Gold Aluminium Case,"30,400","32,900",4.7
362,APPLE,Smartwatch,SE GPS + Cellular 40 mm Gold Aluminium Case,"31,400","33,900",4.6
363,APPLE,Smartwatch,SE GPS + Cellular 40 mm Aluminium Case,"33,900","33,900",4.6
364,APPLE,Smartwatch,Series 6 GPS 40 mm Silver Aluminium Case,"37,490","40,900",4.5
365,APPLE,Smartwatch,Series 6 GPS + Cellular 40 mm Blue Aluminium Case,"45,690","49,900",4.5
366,APPLE,Smartwatch,Series 6 GPS + Cellular 40 mm Graphite Stainless Steel Case,"67,900","73,900",4.5
367,APPLE,Smartwatch,Series 6 GPS 44 mm Red Aluminium Case,"40,190","43,900",4.5
368,APPLE,Smartwatch,SE GPS 44 mm Aluminium Case,"32,900","32,900",4.7
369,APPLE,Smartwatch,Series 6 GPS + Cellular 40 mm Space Grey Aluminium Case,"45,690","49,900",4.5
370,APPLE,Smartwatch,Series 6 GPS + Cellular 40 mm Space Grey Aluminium Case,"69,900","69,900",4.2
371,APPLE,Smartwatch,Series 5 GPS + Cellular 40 mm Space Black Stainless Steel Case,"69,900","69,900",4.6
372,APPLE,Smartwatch,Series 5 GPS + Cellular 44 mm Gold Stainless Steel Case,"73,900","73,900",4.2
373,APPLE,Smartwatch,Series 6 GPS 44 mm Blue Aluminium Case,"43,900","43,900",4.5
374,APPLE,Smartwatch,Series 6 GPS + Cellular 44 mm Silver Aluminium Case,"48,490","52,900",4.5
375,APPLE,Smartwatch,Series 6 GPS + Cellular 40 mm Gold Aluminium Case,"45,690","49,900",4.5
376,APPLE,Smartwatch,Series 6 GPS + Cellular 40 mm Gold Stainless Steel Case,"69,900","69,900",4.5
377,APPLE,Smartwatch,Series 5 GPS + Cellular 40 mm Stainless Steel Case,"65,900","65,900",3.4
378,APPLE,Smartwatch,Series 5 GPS + Cellular 44 mm Gold Aluminium Case,"52,900","52,900",4.7
379,APPLE,Smartwatch,Series 5 GPS + Cellular 44 mm Space Grey Aluminium Case,"52,900","52,900",4.7
380,APPLE,Smartwatch,Series 2 - 38 mm Stainless Steel Case,"56,900","56,900",4.6
381,APPLE,Smartwatch,Series 2 - 42 mm Stainless Steel Case,"50,400","50,400",4.7
382,APPLE,Smartwatch,Series 2 - 42 mm Space Black Stainless Steel Case,"50,400","50,400",4.7
383,APPLE,Smartwatch,Series 6 GPS + Cellular 40 mm Red Aluminium Case,"45,690","49,900",4.5
384,APPLE,Smartwatch,Series 5 GPS + Cellular 40 mm Space Grey Aluminium Case,"39,990","49,900",4.5
385,APPLE,Smartwatch,Series 6 GPS + Cellular 40 mm Silver Aluminium Case,"45,690","49,900",4.5
386,APPLE,Smartwatch,Series 6 GPS + Cellular 40 mm Gold Stainless Steel Case,"67,900","73,900",4.5
387,APPLE,Smartwatch,SE GPS 40 mm Aluminium Case,"29,900","29,900",4.7
388,APPLE,Smartwatch,Series 5 GPS + Cellular 44 mm Stainless Steel Case,"73,900","73,900",4.2
389,APPLE,Smartwatch,Series 5 GPS + Cellular 44 mm Gold Stainless Steel Case,"69,900","69,900",4.2
390,APPLE,Smartwatch,Series 5 GPS 40 mm Silver Aluminium Case,"40,900","40,900",4.7
391,APPLE,Smartwatch,Series 6 GPS 44 mm Blue Aluminium Case,"43,900","43,900",4.5
392,APPLE,Smartwatch,Series 7 GPS 45 mm,"44,900","44,900",5.0
393,APPLE,Smartwatch,SE GPS + Cellular 44 mm Space Grey Aluminium Case,"33,900","36,900",4.6
394,APPLE,Smartwatch,SE GPS + Cellular 40 mm Space Grey Aluminium Case,"31,400","33,900",4.6
395,APPLE,Smartwatch,Series 6 GPS + Cellular 44 mm Space Grey Aluminium Case,"48,490","52,900",4.5
396,APPLE,Smartwatch,Series 7 GPS + Cellular 41 mm Aluminium,"50,900","50,900",4.6
397,APPLE,Smartwatch,"Series 7 GPS + Cellular, 45 mm Aluminium","53,900","53,900",4.6
398,APPLE,Smartwatch,SE GPS + Cellular 40 mm Silver Aluminium Case,"31,400","33,900",4.6
399,APPLE,Smartwatch,Series 6 GPS 40 mm Blue Aluminium Case,"37,490","40,900",4.5
400,APPLE,Smartwatch,SE GPS + Cellular 40 mm Silver Aluminium Case,"31,400","33,900",4.6
401,APPLE,Smartwatch,Series 6 GPS 40 mm Gold Aluminium Case,"37,490","40,900",4.5
402,APPLE,Smartwatch,SE GPS + Cellular 44 mm Space Grey Aluminium Case,"33,900","36,900",4.6
403,APPLE,Smartwatch,SE GPS + Cellular 40 mm Gold Aluminium Case,"31,400","33,900",4.6
404,APPLE,Smartwatch,Series 6 GPS + Cellular 44 mm Red Aluminium Case,"48,490","52,900",4.5
405,APPLE,Smartwatch,Series 6 GPS 40 mm Space Grey Aluminium Case,"37,490","40,900",4.5
406,APPLE,Smartwatch,Series 6 GPS + Cellular 44 mm Silver Stainless Steel Case,"77,900","77,900",4.5
407,APPLE,Smartwatch,Nike Series 5 GPS + Cellular 44 mm,"52,900","52,900",4.7
408,APPLE,Smartwatch,Series 6 GPS + Cellular 44 mm Blue Aluminium Case,"48,490","52,900",4.5
409,APPLE,Smartwatch,SE GPS + Cellular 40 mm Gold Aluminium Case,"67,900","73,900",4.5
410,APPLE,Smartwatch,SE GPS + Cellular 44 mm Gold Aluminium Case,"33,900","36,900",4.6
411,APPLE,Smartwatch,SE GPS + Cellular 44 mm Silver Aluminium Case,"33,900","36,900",4.6
412,APPLE,Smartwatch,Series 6 GPS 44 mm Space Grey Aluminium Case,"40,190","43,900",4.5
413,APPLE,Smartwatch,SE GPS + Cellular 44 mm Silver Aluminium Case,"33,900","36,900",4.6
414,APPLE,Smartwatch,Series 6 GPS 44 mm Silver Aluminium Case,"43,900","43,900",4.5
415,APPLE,Smartwatch,Series 6 GPS + Cellular 44 mm Graphite Stainless Steel Case,"67,900","73,900",4.5
416,APPLE,Smartwatch,SE GPS + Cellular 44 mm Gold Aluminium Case,"33,900","36,900",4.6
417,APPLE,Smartwatch,SE GPS + Cellular 44 mm Gold Aluminium Case,"43,900","43,900",4.5
418,APPLE,Smartwatch,Series 5 GPS + Cellular 44 mm Space Black Stainless Steel Case,"69,900","69,900",4.2
419,APPLE,Smartwatch,42 mm White Ceramic Case with Cloud Sport,"1,14,900","1,14,900",4.7
420,APPLE,Smartwatch,Series 7 GPS 41 mm Aluminium Case,"41,900","41,900",5.0
421,APPLE,Smartwatch,38 mm Space Black Stainless Steel Case,"48,900","48,900",4.6
422,APPLE,Smartwatch,"Series 7 GPS + Cellular, 45 mm Stainless Steel","77,900","77,900",4.6
423,APPLE,Smartwatch,Sport 42 mm Space Grey Aluminium Case,"29,900","29,900",4.6
424,APPLE,Smartwatch,"Series 7 GPS + Cellular, 45 mm Stainless Steel","73,900","73,900",4.6
425,APPLE,Smartwatch,8 mm Stainless Steel Case,"56,900","56,900",4.6
426,APPLE,Smartwatch,"Series 7 GPS + Cellular, 41 mm Stainless Steel","73,900","73,900",4.6
427,APPLE,Smartwatch,42 mm Black Stainless Steel Case with Link Bracelet,"79,900","79,900",4.6
428,APPLE,Smartwatch,42 mm Space Gray Aluminium,"29,900","29,900",4.5
429,APPLE,Smartwatch,Series 1 - 38 mm Silver Aluminium Case,"21,900","21,900",4.6
430,APPLE,Smartwatch,Series 3 GPS + Cellular- 42 mm Gray Ceramic Case,"1,22,090","1,22,090",4.6
431,APPLE,Smartwatch,42 mm Stainless Steel Case,"60,900","60,900",4.5
432,APPLE,Smartwatch,Series 1 - 42 mm Gold Aluminium Case,"25,900","25,900",4.6
433,APPLE,Smartwatch,2 - 42 mm Silver Aluminium Case,"34,900","34,900",4.7
434,APPLE,Smartwatch,Nike+ GPS - 42 mm Space Gray Aluminium Case,"32,380","32,380",4.6
435,APPLE,Smartwatch,Series 3 GPS + Cellular- 42 mm White Ceramic Case,"1,22,090","1,22,090",4.6
436,APPLE,Smartwatch,38 mm Stainless Steel Stainless Steel Case with Modern Buckle,"64,900","64,900",4.3
437,APPLE,Smartwatch,8 mm Stainless Steel Case,"56,900","56,900",4.3
438,APPLE,Smartwatch,series 2 - 38 mm Stainless Steel Case,"64,900","64,900",4.6
439,APPLE,Smartwatch,Nike+ - 38 mm Space Gray Aluminium Case,"31,600","31,600",4.5
